packet_hash,reviewer_id,review_id,candidate_id,mapped_evidence_id,atomic_single_observation,fully_answerable_by_mapping,distinct_from_other_candidates,action_discriminating,notes
4e0cc330097015365c83c168a0cd8f763ca01b7f36af1254495e54c29eed84b7,reviewer-1,R001,C1,,,,,,
4e0cc330097015365c83c168a0cd8f763ca01b7f36af1254495e54c29eed84b7,reviewer-1,R001,C2,,,,,,
4e0cc330097015365c83c168a0cd8f763ca01b7f36af1254495e54c29eed84b7,reviewer-1,R001,C3,,,,,,
4e0cc330097015365c83c168a0cd8f763ca01b7f36af1254495e54c29eed84b7,reviewer-1,R001,C4,,,,,,
4e0cc330097015365c83c168a0cd8f763ca01b7f36af1254495e54c29eed84b7,reviewer-1,R001,C5,,,,,,
4e0cc330097015365c83c168a0cd8f763ca01b7f36af1254495e54c29eed84b7,reviewer-1,R001,C6,,,,,,
4e0cc330097015365c83c168a0cd8f763ca01b7f36af1254495e54c29eed84b7,reviewer-1,R001,C7,,,,,,
4e0cc330097015365c83c168a0cd8f763ca01b7f36af1254495e54c29eed84b7,reviewer-1,R001,C8,,,,,,
4e0cc330097015365c83c168a0cd8f763ca01b7f36af1254495e54c29eed84b7,reviewer-1,R002,C1,,,,,,
4e0cc330097015365c83c168a0cd8f763ca01b7f36af1254495e54c29eed84b7,reviewer-1,R002,C2,,,,,,
4e0cc330097015365c83c168a0cd8f763ca01b7f36af1254495e54c29eed84b7,reviewer-1,R002,C3,,,,,,
4e0cc330097015365c83c168a0cd8f763ca01b7f36af1254495e54c29eed84b7,reviewer-1,R002,C4,,,,,,
4e0cc330097015365c83c168a0cd8f763ca01b7f36af1254495e54c29eed84b7,reviewer-1,R002,C5,,,,,,
4e0cc330097015365c83c168a0cd8f763ca01b7f36af1254495e54c29eed84b7,reviewer-1,R002,C6,,,,,,
4e0cc330097015365c83c168a0cd8f763ca01b7f36af1254495e54c29eed84b7,reviewer-1,R002,C7,,,,,,
4e0cc330097015365c83c168a0cd8f763ca01b7f36af1254495e54c29eed84b7,reviewer-1,R002,C8,,,,,,
4e0cc330097015365c83c168a0cd8f763ca01b7f36af1254495e54c29eed84b7,reviewer-1,R003,C1,,,,,,
4e0cc330097015365c83c168a0cd8f763ca01b7f36af1254495e54c29eed84b7,reviewer-1,R003,C2,,,,,,
4e0cc330097015365c83c168a0cd8f763ca01b7f36af1254495e54c29eed84b7,reviewer-1,R003,C3,,,,,,
4e0cc330097015365c83c168a0cd8f763ca01b7f36af1254495e54c29eed84b7,reviewer-1,R003,C4,,,,,,
4e0cc330097015365c83c168a0cd8f763ca01b7f36af1254495e54c29eed84b7,reviewer-1,R003,C5,,,,,,
4e0cc330097015365c83c168a0cd8f763ca01b7f36af1254495e54c29eed84b7,reviewer-1,R003,C6,,,,,,
4e0cc330097015365c83c168a0cd8f763ca01b7f36af1254495e54c29eed84b7,reviewer-1,R003,C7,,,,,,
4e0cc330097015365c83c168a0cd8f763ca01b7f36af1254495e54c29eed84b7,reviewer-1,R003,C8,,,,,,
4e0cc330097015365c83c168a0cd8f763ca01b7f36af1254495e54c29eed84b7,reviewer-1,R004,C1,,,,,,
4e0cc330097015365c83c168a0cd8f763ca01b7f36af1254495e54c29eed84b7,reviewer-1,R004,C2,,,,,,
4e0cc330097015365c83c168a0cd8f763ca01b7f36af1254495e54c29eed84b7,reviewer-1,R004,C3,,,,,,
4e0cc330097015365c83c168a0cd8f763ca01b7f36af1254495e54c29eed84b7,reviewer-1,R004,C4,,,,,,
4e0cc330097015365c83c168a0cd8f763ca01b7f36af1254495e54c29eed84b7,reviewer-1,R004,C5,,,,,,
4e0cc330097015365c83c168a0cd8f763ca01b7f36af1254495e54c29eed84b7,reviewer-1,R004,C6,,,,,,
4e0cc330097015365c83c168a0cd8f763ca01b7f36af1254495e54c29eed84b7,reviewer-1,R004,C7,,,,,,
4e0cc330097015365c83c168a0cd8f763ca01b7f36af1254495e54c29eed84b7,reviewer-1,R004,C8,,,,,,
4e0cc330097015365c83c168a0cd8f763ca01b7f36af1254495e54c29eed84b7,reviewer-1,R005,C1,,,,,,
4e0cc330097015365c83c168a0cd8f763ca01b7f36af1254495e54c29eed84b7,reviewer-1,R005,C2,,,,,,
4e0cc330097015365c83c168a0cd8f763ca01b7f36af1254495e54c29eed84b7,reviewer-1,R005,C3,,,,,,
4e0cc330097015365c83c168a0cd8f763ca01b7f36af1254495e54c29eed84b7,reviewer-1,R005,C4,,,,,,
4e0cc330097015365c83c168a0cd8f763ca01b7f36af1254495e54c29eed84b7,reviewer-1,R005,C5,,,,,,
4e0cc330097015365c83c168a0cd8f763ca01b7f36af1254495e54c29eed84b7,reviewer-1,R005,C6,,,,,,
4e0cc330097015365c83c168a0cd8f763ca01b7f36af1254495e54c29eed84b7,reviewer-1,R005,C7,,,,,,
4e0cc330097015365c83c168a0cd8f763ca01b7f36af1254495e54c29eed84b7,reviewer-1,R005,C8,,,,,,
4e0cc330097015365c83c168a0cd8f763ca01b7f36af1254495e54c29eed84b7,reviewer-1,R006,C1,,,,,,
4e0cc330097015365c83c168a0cd8f763ca01b7f36af1254495e54c29eed84b7,reviewer-1,R006,C2,,,,,,
4e0cc330097015365c83c168a0cd8f763ca01b7f36af1254495e54c29eed84b7,reviewer-1,R006,C3,,,,,,
4e0cc330097015365c83c168a0cd8f763ca01b7f36af1254495e54c29eed84b7,reviewer-1,R006,C4,,,,,,
4e0cc330097015365c83c168a0cd8f763ca01b7f36af1254495e54c29eed84b7,reviewer-1,R006,C5,,,,,,
4e0cc330097015365c83c168a0cd8f763ca01b7f36af1254495e54c29eed84b7,reviewer-1,R006,C6,,,,,,
4e0cc330097015365c83c168a0cd8f763ca01b7f36af1254495e54c29eed84b7,reviewer-1,R006,C7,,,,,,
4e0cc330097015365c83c168a0cd8f763ca01b7f36af1254495e54c29eed84b7,reviewer-1,R006,C8,,,,,,
4e0cc330097015365c83c168a0cd8f763ca01b7f36af1254495e54c29eed84b7,reviewer-1,R007,C1,,,,,,
4e0cc330097015365c83c168a0cd8f763ca01b7f36af1254495e54c29eed84b7,reviewer-1,R007,C2,,,,,,
4e0cc330097015365c83c168a0cd8f763ca01b7f36af1254495e54c29eed84b7,reviewer-1,R007,C3,,,,,,
4e0cc330097015365c83c168a0cd8f763ca01b7f36af1254495e54c29eed84b7,reviewer-1,R007,C4,,,,,,
4e0cc330097015365c83c168a0cd8f763ca01b7f36af1254495e54c29eed84b7,reviewer-1,R007,C5,,,,,,
4e0cc330097015365c83c168a0cd8f763ca01b7f36af1254495e54c29eed84b7,reviewer-1,R007,C6,,,,,,
4e0cc330097015365c83c168a0cd8f763ca01b7f36af1254495e54c29eed84b7,reviewer-1,R007,C7,,,,,,
4e0cc330097015365c83c168a0cd8f763ca01b7f36af1254495e54c29eed84b7,reviewer-1,R007,C8,,,,,,
4e0cc330097015365c83c168a0cd8f763ca01b7f36af1254495e54c29eed84b7,reviewer-1,R008,C1,,,,,,
4e0cc330097015365c83c168a0cd8f763ca01b7f36af1254495e54c29eed84b7,reviewer-1,R008,C2,,,,,,
4e0cc330097015365c83c168a0cd8f763ca01b7f36af1254495e54c29eed84b7,reviewer-1,R008,C3,,,,,,
4e0cc330097015365c83c168a0cd8f763ca01b7f36af1254495e54c29eed84b7,reviewer-1,R008,C4,,,,,,
4e0cc330097015365c83c168a0cd8f763ca01b7f36af1254495e54c29eed84b7,reviewer-1,R008,C5,,,,,,
4e0cc330097015365c83c168a0cd8f763ca01b7f36af1254495e54c29eed84b7,reviewer-1,R008,C6,,,,,,
4e0cc330097015365c83c168a0cd8f763ca01b7f36af1254495e54c29eed84b7,reviewer-1,R008,C7,,,,,,
4e0cc330097015365c83c168a0cd8f763ca01b7f36af1254495e54c29eed84b7,reviewer-1,R008,C8,,,,,,
4e0cc330097015365c83c168a0cd8f763ca01b7f36af1254495e54c29eed84b7,reviewer-1,R009,C1,,,,,,
4e0cc330097015365c83c168a0cd8f763ca01b7f36af1254495e54c29eed84b7,reviewer-1,R009,C2,,,,,,
4e0cc330097015365c83c168a0cd8f763ca01b7f36af1254495e54c29eed84b7,reviewer-1,R009,C3,,,,,,
4e0cc330097015365c83c168a0cd8f763ca01b7f36af1254495e54c29eed84b7,reviewer-1,R009,C4,,,,,,
4e0cc330097015365c83c168a0cd8f763ca01b7f36af1254495e54c29eed84b7,reviewer-1,R009,C5,,,,,,
4e0cc330097015365c83c168a0cd8f763ca01b7f36af1254495e54c29eed84b7,reviewer-1,R009,C6,,,,,,
4e0cc330097015365c83c168a0cd8f763ca01b7f36af1254495e54c29eed84b7,reviewer-1,R009,C7,,,,,,
4e0cc330097015365c83c168a0cd8f763ca01b7f36af1254495e54c29eed84b7,reviewer-1,R009,C8,,,,,,
4e0cc330097015365c83c168a0cd8f763ca01b7f36af1254495e54c29eed84b7,reviewer-1,R010,C1,,,,,,
4e0cc330097015365c83c168a0cd8f763ca01b7f36af1254495e54c29eed84b7,reviewer-1,R010,C2,,,,,,
4e0cc330097015365c83c168a0cd8f763ca01b7f36af1254495e54c29eed84b7,reviewer-1,R010,C3,,,,,,
4e0cc330097015365c83c168a0cd8f763ca01b7f36af1254495e54c29eed84b7,reviewer-1,R010,C4,,,,,,
4e0cc330097015365c83c168a0cd8f763ca01b7f36af1254495e54c29eed84b7,reviewer-1,R010,C5,,,,,,
4e0cc330097015365c83c168a0cd8f763ca01b7f36af1254495e54c29eed84b7,reviewer-1,R010,C6,,,,,,
4e0cc330097015365c83c168a0cd8f763ca01b7f36af1254495e54c29eed84b7,reviewer-1,R010,C7,,,,,,
4e0cc330097015365c83c168a0cd8f763ca01b7f36af1254495e54c29eed84b7,reviewer-1,R010,C8,,,,,,
4e0cc330097015365c83c168a0cd8f763ca01b7f36af1254495e54c29eed84b7,reviewer-1,R011,C1,,,,,,
4e0cc330097015365c83c168a0cd8f763ca01b7f36af1254495e54c29eed84b7,reviewer-1,R011,C2,,,,,,
4e0cc330097015365c83c168a0cd8f763ca01b7f36af1254495e54c29eed84b7,reviewer-1,R011,C3,,,,,,
4e0cc330097015365c83c168a0cd8f763ca01b7f36af1254495e54c29eed84b7,reviewer-1,R011,C4,,,,,,
4e0cc330097015365c83c168a0cd8f763ca01b7f36af1254495e54c29eed84b7,reviewer-1,R011,C5,,,,,,
4e0cc330097015365c83c168a0cd8f763ca01b7f36af1254495e54c29eed84b7,reviewer-1,R011,C6,,,,,,
4e0cc330097015365c83c168a0cd8f763ca01b7f36af1254495e54c29eed84b7,reviewer-1,R011,C7,,,,,,
4e0cc330097015365c83c168a0cd8f763ca01b7f36af1254495e54c29eed84b7,reviewer-1,R011,C8,,,,,,
4e0cc330097015365c83c168a0cd8f763ca01b7f36af1254495e54c29eed84b7,reviewer-1,R012,C1,,,,,,
4e0cc330097015365c83c168a0cd8f763ca01b7f36af1254495e54c29eed84b7,reviewer-1,R012,C2,,,,,,
4e0cc330097015365c83c168a0cd8f763ca01b7f36af1254495e54c29eed84b7,reviewer-1,R012,C3,,,,,,
4e0cc330097015365c83c168a0cd8f763ca01b7f36af1254495e54c29eed84b7,reviewer-1,R012,C4,,,,,,
4e0cc330097015365c83c168a0cd8f763ca01b7f36af1254495e54c29eed84b7,reviewer-1,R012,C5,,,,,,
4e0cc330097015365c83c168a0cd8f763ca01b7f36af1254495e54c29eed84b7,reviewer-1,R012,C6,,,,,,
4e0cc330097015365c83c168a0cd8f763ca01b7f36af1254495e54c29eed84b7,reviewer-1,R012,C7,,,,,,
4e0cc330097015365c83c168a0cd8f763ca01b7f36af1254495e54c29eed84b7,reviewer-1,R012,C8,,,,,,
4e0cc330097015365c83c168a0cd8f763ca01b7f36af1254495e54c29eed84b7,reviewer-1,R013,C1,,,,,,
4e0cc330097015365c83c168a0cd8f763ca01b7f36af1254495e54c29eed84b7,reviewer-1,R013,C2,,,,,,
4e0cc330097015365c83c168a0cd8f763ca01b7f36af1254495e54c29eed84b7,reviewer-1,R013,C3,,,,,,
4e0cc330097015365c83c168a0cd8f763ca01b7f36af1254495e54c29eed84b7,reviewer-1,R013,C4,,,,,,
4e0cc330097015365c83c168a0cd8f763ca01b7f36af1254495e54c29eed84b7,reviewer-1,R013,C5,,,,,,
4e0cc330097015365c83c168a0cd8f763ca01b7f36af1254495e54c29eed84b7,reviewer-1,R013,C6,,,,,,
4e0cc330097015365c83c168a0cd8f763ca01b7f36af1254495e54c29eed84b7,reviewer-1,R013,C7,,,,,,
4e0cc330097015365c83c168a0cd8f763ca01b7f36af1254495e54c29eed84b7,reviewer-1,R013,C8,,,,,,
4e0cc330097015365c83c168a0cd8f763ca01b7f36af1254495e54c29eed84b7,reviewer-1,R014,C1,,,,,,
4e0cc330097015365c83c168a0cd8f763ca01b7f36af1254495e54c29eed84b7,reviewer-1,R014,C2,,,,,,
4e0cc330097015365c83c168a0cd8f763ca01b7f36af1254495e54c29eed84b7,reviewer-1,R014,C3,,,,,,
4e0cc330097015365c83c168a0cd8f763ca01b7f36af1254495e54c29eed84b7,reviewer-1,R014,C4,,,,,,
4e0cc330097015365c83c168a0cd8f763ca01b7f36af1254495e54c29eed84b7,reviewer-1,R014,C5,,,,,,
4e0cc330097015365c83c168a0cd8f763ca01b7f36af1254495e54c29eed84b7,reviewer-1,R014,C6,,,,,,
4e0cc330097015365c83c168a0cd8f763ca01b7f36af1254495e54c29eed84b7,reviewer-1,R014,C7,,,,,,
4e0cc330097015365c83c168a0cd8f763ca01b7f36af1254495e54c29eed84b7,reviewer-1,R014,C8,,,,,,
4e0cc330097015365c83c168a0cd8f763ca01b7f36af1254495e54c29eed84b7,reviewer-1,R015,C1,,,,,,
4e0cc330097015365c83c168a0cd8f763ca01b7f36af1254495e54c29eed84b7,reviewer-1,R015,C2,,,,,,
4e0cc330097015365c83c168a0cd8f763ca01b7f36af1254495e54c29eed84b7,reviewer-1,R015,C3,,,,,,
4e0cc330097015365c83c168a0cd8f763ca01b7f36af1254495e54c29eed84b7,reviewer-1,R015,C4,,,,,,
4e0cc330097015365c83c168a0cd8f763ca01b7f36af1254495e54c29eed84b7,reviewer-1,R015,C5,,,,,,
4e0cc330097015365c83c168a0cd8f763ca01b7f36af1254495e54c29eed84b7,reviewer-1,R015,C6,,,,,,
4e0cc330097015365c83c168a0cd8f763ca01b7f36af1254495e54c29eed84b7,reviewer-1,R015,C7,,,,,,
4e0cc330097015365c83c168a0cd8f763ca01b7f36af1254495e54c29eed84b7,reviewer-1,R015,C8,,,,,,
4e0cc330097015365c83c168a0cd8f763ca01b7f36af1254495e54c29eed84b7,reviewer-1,R016,C1,,,,,,
4e0cc330097015365c83c168a0cd8f763ca01b7f36af1254495e54c29eed84b7,reviewer-1,R016,C2,,,,,,
4e0cc330097015365c83c168a0cd8f763ca01b7f36af1254495e54c29eed84b7,reviewer-1,R016,C3,,,,,,
4e0cc330097015365c83c168a0cd8f763ca01b7f36af1254495e54c29eed84b7,reviewer-1,R016,C4,,,,,,
4e0cc330097015365c83c168a0cd8f763ca01b7f36af1254495e54c29eed84b7,reviewer-1,R016,C5,,,,,,
4e0cc330097015365c83c168a0cd8f763ca01b7f36af1254495e54c29eed84b7,reviewer-1,R016,C6,,,,,,
4e0cc330097015365c83c168a0cd8f763ca01b7f36af1254495e54c29eed84b7,reviewer-1,R016,C7,,,,,,
4e0cc330097015365c83c168a0cd8f763ca01b7f36af1254495e54c29eed84b7,reviewer-1,R016,C8,,,,,,
4e0cc330097015365c83c168a0cd8f763ca01b7f36af1254495e54c29eed84b7,reviewer-1,R017,C1,,,,,,
4e0cc330097015365c83c168a0cd8f763ca01b7f36af1254495e54c29eed84b7,reviewer-1,R017,C2,,,,,,
4e0cc330097015365c83c168a0cd8f763ca01b7f36af1254495e54c29eed84b7,reviewer-1,R017,C3,,,,,,
4e0cc330097015365c83c168a0cd8f763ca01b7f36af1254495e54c29eed84b7,reviewer-1,R017,C4,,,,,,
4e0cc330097015365c83c168a0cd8f763ca01b7f36af1254495e54c29eed84b7,reviewer-1,R017,C5,,,,,,
4e0cc330097015365c83c168a0cd8f763ca01b7f36af1254495e54c29eed84b7,reviewer-1,R017,C6,,,,,,
4e0cc330097015365c83c168a0cd8f763ca01b7f36af1254495e54c29eed84b7,reviewer-1,R017,C7,,,,,,
4e0cc330097015365c83c168a0cd8f763ca01b7f36af1254495e54c29eed84b7,reviewer-1,R017,C8,,,,,,
4e0cc330097015365c83c168a0cd8f763ca01b7f36af1254495e54c29eed84b7,reviewer-1,R018,C1,,,,,,
4e0cc330097015365c83c168a0cd8f763ca01b7f36af1254495e54c29eed84b7,reviewer-1,R018,C2,,,,,,
4e0cc330097015365c83c168a0cd8f763ca01b7f36af1254495e54c29eed84b7,reviewer-1,R018,C3,,,,,,
4e0cc330097015365c83c168a0cd8f763ca01b7f36af1254495e54c29eed84b7,reviewer-1,R018,C4,,,,,,
4e0cc330097015365c83c168a0cd8f763ca01b7f36af1254495e54c29eed84b7,reviewer-1,R018,C5,,,,,,
4e0cc330097015365c83c168a0cd8f763ca01b7f36af1254495e54c29eed84b7,reviewer-1,R018,C6,,,,,,
4e0cc330097015365c83c168a0cd8f763ca01b7f36af1254495e54c29eed84b7,reviewer-1,R018,C7,,,,,,
4e0cc330097015365c83c168a0cd8f763ca01b7f36af1254495e54c29eed84b7,reviewer-1,R018,C8,,,,,,
4e0cc330097015365c83c168a0cd8f763ca01b7f36af1254495e54c29eed84b7,reviewer-1,R019,C1,,,,,,
4e0cc330097015365c83c168a0cd8f763ca01b7f36af1254495e54c29eed84b7,reviewer-1,R019,C2,,,,,,
4e0cc330097015365c83c168a0cd8f763ca01b7f36af1254495e54c29eed84b7,reviewer-1,R019,C3,,,,,,
4e0cc330097015365c83c168a0cd8f763ca01b7f36af1254495e54c29eed84b7,reviewer-1,R019,C4,,,,,,
4e0cc330097015365c83c168a0cd8f763ca01b7f36af1254495e54c29eed84b7,reviewer-1,R019,C5,,,,,,
4e0cc330097015365c83c168a0cd8f763ca01b7f36af1254495e54c29eed84b7,reviewer-1,R019,C6,,,,,,
4e0cc330097015365c83c168a0cd8f763ca01b7f36af1254495e54c29eed84b7,reviewer-1,R019,C7,,,,,,
4e0cc330097015365c83c168a0cd8f763ca01b7f36af1254495e54c29eed84b7,reviewer-1,R019,C8,,,,,,
4e0cc330097015365c83c168a0cd8f763ca01b7f36af1254495e54c29eed84b7,reviewer-1,R020,C1,,,,,,
4e0cc330097015365c83c168a0cd8f763ca01b7f36af1254495e54c29eed84b7,reviewer-1,R020,C2,,,,,,
4e0cc330097015365c83c168a0cd8f763ca01b7f36af1254495e54c29eed84b7,reviewer-1,R020,C3,,,,,,
4e0cc330097015365c83c168a0cd8f763ca01b7f36af1254495e54c29eed84b7,reviewer-1,R020,C4,,,,,,
4e0cc330097015365c83c168a0cd8f763ca01b7f36af1254495e54c29eed84b7,reviewer-1,R020,C5,,,,,,
4e0cc330097015365c83c168a0cd8f763ca01b7f36af1254495e54c29eed84b7,reviewer-1,R020,C6,,,,,,
4e0cc330097015365c83c168a0cd8f763ca01b7f36af1254495e54c29eed84b7,reviewer-1,R020,C7,,,,,,
4e0cc330097015365c83c168a0cd8f763ca01b7f36af1254495e54c29eed84b7,reviewer-1,R020,C8,,,,,,
4e0cc330097015365c83c168a0cd8f763ca01b7f36af1254495e54c29eed84b7,reviewer-1,R021,C1,,,,,,
4e0cc330097015365c83c168a0cd8f763ca01b7f36af1254495e54c29eed84b7,reviewer-1,R021,C2,,,,,,
4e0cc330097015365c83c168a0cd8f763ca01b7f36af1254495e54c29eed84b7,reviewer-1,R021,C3,,,,,,
4e0cc330097015365c83c168a0cd8f763ca01b7f36af1254495e54c29eed84b7,reviewer-1,R021,C4,,,,,,
4e0cc330097015365c83c168a0cd8f763ca01b7f36af1254495e54c29eed84b7,reviewer-1,R021,C5,,,,,,
4e0cc330097015365c83c168a0cd8f763ca01b7f36af1254495e54c29eed84b7,reviewer-1,R021,C6,,,,,,
4e0cc330097015365c83c168a0cd8f763ca01b7f36af1254495e54c29eed84b7,reviewer-1,R021,C7,,,,,,
4e0cc330097015365c83c168a0cd8f763ca01b7f36af1254495e54c29eed84b7,reviewer-1,R021,C8,,,,,,
4e0cc330097015365c83c168a0cd8f763ca01b7f36af1254495e54c29eed84b7,reviewer-1,R022,C1,,,,,,
4e0cc330097015365c83c168a0cd8f763ca01b7f36af1254495e54c29eed84b7,reviewer-1,R022,C2,,,,,,
4e0cc330097015365c83c168a0cd8f763ca01b7f36af1254495e54c29eed84b7,reviewer-1,R022,C3,,,,,,
4e0cc330097015365c83c168a0cd8f763ca01b7f36af1254495e54c29eed84b7,reviewer-1,R022,C4,,,,,,
4e0cc330097015365c83c168a0cd8f763ca01b7f36af1254495e54c29eed84b7,reviewer-1,R022,C5,,,,,,
4e0cc330097015365c83c168a0cd8f763ca01b7f36af1254495e54c29eed84b7,reviewer-1,R022,C6,,,,,,
4e0cc330097015365c83c168a0cd8f763ca01b7f36af1254495e54c29eed84b7,reviewer-1,R022,C7,,,,,,
4e0cc330097015365c83c168a0cd8f763ca01b7f36af1254495e54c29eed84b7,reviewer-1,R022,C8,,,,,,
4e0cc330097015365c83c168a0cd8f763ca01b7f36af1254495e54c29eed84b7,reviewer-1,R023,C1,,,,,,
4e0cc330097015365c83c168a0cd8f763ca01b7f36af1254495e54c29eed84b7,reviewer-1,R023,C2,,,,,,
4e0cc330097015365c83c168a0cd8f763ca01b7f36af1254495e54c29eed84b7,reviewer-1,R023,C3,,,,,,
4e0cc330097015365c83c168a0cd8f763ca01b7f36af1254495e54c29eed84b7,reviewer-1,R023,C4,,,,,,
4e0cc330097015365c83c168a0cd8f763ca01b7f36af1254495e54c29eed84b7,reviewer-1,R023,C5,,,,,,
4e0cc330097015365c83c168a0cd8f763ca01b7f36af1254495e54c29eed84b7,reviewer-1,R023,C6,,,,,,
4e0cc330097015365c83c168a0cd8f763ca01b7f36af1254495e54c29eed84b7,reviewer-1,R023,C7,,,,,,
4e0cc330097015365c83c168a0cd8f763ca01b7f36af1254495e54c29eed84b7,reviewer-1,R023,C8,,,,,,
4e0cc330097015365c83c168a0cd8f763ca01b7f36af1254495e54c29eed84b7,reviewer-1,R024,C1,,,,,,
4e0cc330097015365c83c168a0cd8f763ca01b7f36af1254495e54c29eed84b7,reviewer-1,R024,C2,,,,,,
4e0cc330097015365c83c168a0cd8f763ca01b7f36af1254495e54c29eed84b7,reviewer-1,R024,C3,,,,,,
4e0cc330097015365c83c168a0cd8f763ca01b7f36af1254495e54c29eed84b7,reviewer-1,R024,C4,,,,,,
4e0cc330097015365c83c168a0cd8f763ca01b7f36af1254495e54c29eed84b7,reviewer-1,R024,C5,,,,,,
4e0cc330097015365c83c168a0cd8f763ca01b7f36af1254495e54c29eed84b7,reviewer-1,R024,C6,,,,,,
4e0cc330097015365c83c168a0cd8f763ca01b7f36af1254495e54c29eed84b7,reviewer-1,R024,C7,,,,,,
4e0cc330097015365c83c168a0cd8f763ca01b7f36af1254495e54c29eed84b7,reviewer-1,R024,C8,,,,,,
4e0cc330097015365c83c168a0cd8f763ca01b7f36af1254495e54c29eed84b7,reviewer-1,R025,C1,,,,,,
4e0cc330097015365c83c168a0cd8f763ca01b7f36af1254495e54c29eed84b7,reviewer-1,R025,C2,,,,,,
4e0cc330097015365c83c168a0cd8f763ca01b7f36af1254495e54c29eed84b7,reviewer-1,R025,C3,,,,,,
4e0cc330097015365c83c168a0cd8f763ca01b7f36af1254495e54c29eed84b7,reviewer-1,R025,C4,,,,,,
4e0cc330097015365c83c168a0cd8f763ca01b7f36af1254495e54c29eed84b7,reviewer-1,R025,C5,,,,,,
4e0cc330097015365c83c168a0cd8f763ca01b7f36af1254495e54c29eed84b7,reviewer-1,R025,C6,,,,,,
4e0cc330097015365c83c168a0cd8f763ca01b7f36af1254495e54c29eed84b7,reviewer-1,R025,C7,,,,,,
4e0cc330097015365c83c168a0cd8f763ca01b7f36af1254495e54c29eed84b7,reviewer-1,R025,C8,,,,,,
4e0cc330097015365c83c168a0cd8f763ca01b7f36af1254495e54c29eed84b7,reviewer-1,R026,C1,,,,,,
4e0cc330097015365c83c168a0cd8f763ca01b7f36af1254495e54c29eed84b7,reviewer-1,R026,C2,,,,,,
4e0cc330097015365c83c168a0cd8f763ca01b7f36af1254495e54c29eed84b7,reviewer-1,R026,C3,,,,,,
4e0cc330097015365c83c168a0cd8f763ca01b7f36af1254495e54c29eed84b7,reviewer-1,R026,C4,,,,,,
4e0cc330097015365c83c168a0cd8f763ca01b7f36af1254495e54c29eed84b7,reviewer-1,R026,C5,,,,,,
4e0cc330097015365c83c168a0cd8f763ca01b7f36af1254495e54c29eed84b7,reviewer-1,R026,C6,,,,,,
4e0cc330097015365c83c168a0cd8f763ca01b7f36af1254495e54c29eed84b7,reviewer-1,R026,C7,,,,,,
4e0cc330097015365c83c168a0cd8f763ca01b7f36af1254495e54c29eed84b7,reviewer-1,R026,C8,,,,,,
4e0cc330097015365c83c168a0cd8f763ca01b7f36af1254495e54c29eed84b7,reviewer-1,R027,C1,,,,,,
4e0cc330097015365c83c168a0cd8f763ca01b7f36af1254495e54c29eed84b7,reviewer-1,R027,C2,,,,,,
4e0cc330097015365c83c168a0cd8f763ca01b7f36af1254495e54c29eed84b7,reviewer-1,R027,C3,,,,,,
4e0cc330097015365c83c168a0cd8f763ca01b7f36af1254495e54c29eed84b7,reviewer-1,R027,C4,,,,,,
4e0cc330097015365c83c168a0cd8f763ca01b7f36af1254495e54c29eed84b7,reviewer-1,R027,C5,,,,,,
4e0cc330097015365c83c168a0cd8f763ca01b7f36af1254495e54c29eed84b7,reviewer-1,R027,C6,,,,,,
4e0cc330097015365c83c168a0cd8f763ca01b7f36af1254495e54c29eed84b7,reviewer-1,R027,C7,,,,,,
4e0cc330097015365c83c168a0cd8f763ca01b7f36af1254495e54c29eed84b7,reviewer-1,R027,C8,,,,,,
4e0cc330097015365c83c168a0cd8f763ca01b7f36af1254495e54c29eed84b7,reviewer-1,R028,C1,,,,,,
4e0cc330097015365c83c168a0cd8f763ca01b7f36af1254495e54c29eed84b7,reviewer-1,R028,C2,,,,,,
4e0cc330097015365c83c168a0cd8f763ca01b7f36af1254495e54c29eed84b7,reviewer-1,R028,C3,,,,,,
4e0cc330097015365c83c168a0cd8f763ca01b7f36af1254495e54c29eed84b7,reviewer-1,R028,C4,,,,,,
4e0cc330097015365c83c168a0cd8f763ca01b7f36af1254495e54c29eed84b7,reviewer-1,R028,C5,,,,,,
4e0cc330097015365c83c168a0cd8f763ca01b7f36af1254495e54c29eed84b7,reviewer-1,R028,C6,,,,,,
4e0cc330097015365c83c168a0cd8f763ca01b7f36af1254495e54c29eed84b7,reviewer-1,R028,C7,,,,,,
4e0cc330097015365c83c168a0cd8f763ca01b7f36af1254495e54c29eed84b7,reviewer-1,R028,C8,,,,,,
4e0cc330097015365c83c168a0cd8f763ca01b7f36af1254495e54c29eed84b7,reviewer-1,R029,C1,,,,,,
4e0cc330097015365c83c168a0cd8f763ca01b7f36af1254495e54c29eed84b7,reviewer-1,R029,C2,,,,,,
4e0cc330097015365c83c168a0cd8f763ca01b7f36af1254495e54c29eed84b7,reviewer-1,R029,C3,,,,,,
4e0cc330097015365c83c168a0cd8f763ca01b7f36af1254495e54c29eed84b7,reviewer-1,R029,C4,,,,,,
4e0cc330097015365c83c168a0cd8f763ca01b7f36af1254495e54c29eed84b7,reviewer-1,R029,C5,,,,,,
4e0cc330097015365c83c168a0cd8f763ca01b7f36af1254495e54c29eed84b7,reviewer-1,R029,C6,,,,,,
4e0cc330097015365c83c168a0cd8f763ca01b7f36af1254495e54c29eed84b7,reviewer-1,R029,C7,,,,,,
4e0cc330097015365c83c168a0cd8f763ca01b7f36af1254495e54c29eed84b7,reviewer-1,R029,C8,,,,,,
4e0cc330097015365c83c168a0cd8f763ca01b7f36af1254495e54c29eed84b7,reviewer-1,R030,C1,,,,,,
4e0cc330097015365c83c168a0cd8f763ca01b7f36af1254495e54c29eed84b7,reviewer-1,R030,C2,,,,,,
4e0cc330097015365c83c168a0cd8f763ca01b7f36af1254495e54c29eed84b7,reviewer-1,R030,C3,,,,,,
4e0cc330097015365c83c168a0cd8f763ca01b7f36af1254495e54c29eed84b7,reviewer-1,R030,C4,,,,,,
4e0cc330097015365c83c168a0cd8f763ca01b7f36af1254495e54c29eed84b7,reviewer-1,R030,C5,,,,,,
4e0cc330097015365c83c168a0cd8f763ca01b7f36af1254495e54c29eed84b7,reviewer-1,R030,C6,,,,,,
4e0cc330097015365c83c168a0cd8f763ca01b7f36af1254495e54c29eed84b7,reviewer-1,R030,C7,,,,,,
4e0cc330097015365c83c168a0cd8f763ca01b7f36af1254495e54c29eed84b7,reviewer-1,R030,C8,,,,,,
4e0cc330097015365c83c168a0cd8f763ca01b7f36af1254495e54c29eed84b7,reviewer-1,R031,C1,,,,,,
4e0cc330097015365c83c168a0cd8f763ca01b7f36af1254495e54c29eed84b7,reviewer-1,R031,C2,,,,,,
4e0cc330097015365c83c168a0cd8f763ca01b7f36af1254495e54c29eed84b7,reviewer-1,R031,C3,,,,,,
4e0cc330097015365c83c168a0cd8f763ca01b7f36af1254495e54c29eed84b7,reviewer-1,R031,C4,,,,,,
4e0cc330097015365c83c168a0cd8f763ca01b7f36af1254495e54c29eed84b7,reviewer-1,R031,C5,,,,,,
4e0cc330097015365c83c168a0cd8f763ca01b7f36af1254495e54c29eed84b7,reviewer-1,R031,C6,,,,,,
4e0cc330097015365c83c168a0cd8f763ca01b7f36af1254495e54c29eed84b7,reviewer-1,R031,C7,,,,,,
4e0cc330097015365c83c168a0cd8f763ca01b7f36af1254495e54c29eed84b7,reviewer-1,R031,C8,,,,,,
4e0cc330097015365c83c168a0cd8f763ca01b7f36af1254495e54c29eed84b7,reviewer-1,R032,C1,,,,,,
4e0cc330097015365c83c168a0cd8f763ca01b7f36af1254495e54c29eed84b7,reviewer-1,R032,C2,,,,,,
4e0cc330097015365c83c168a0cd8f763ca01b7f36af1254495e54c29eed84b7,reviewer-1,R032,C3,,,,,,
4e0cc330097015365c83c168a0cd8f763ca01b7f36af1254495e54c29eed84b7,reviewer-1,R032,C4,,,,,,
4e0cc330097015365c83c168a0cd8f763ca01b7f36af1254495e54c29eed84b7,reviewer-1,R032,C5,,,,,,
4e0cc330097015365c83c168a0cd8f763ca01b7f36af1254495e54c29eed84b7,reviewer-1,R032,C6,,,,,,
4e0cc330097015365c83c168a0cd8f763ca01b7f36af1254495e54c29eed84b7,reviewer-1,R032,C7,,,,,,
4e0cc330097015365c83c168a0cd8f763ca01b7f36af1254495e54c29eed84b7,reviewer-1,R032,C8,,,,,,
4e0cc330097015365c83c168a0cd8f763ca01b7f36af1254495e54c29eed84b7,reviewer-1,R033,C1,,,,,,
4e0cc330097015365c83c168a0cd8f763ca01b7f36af1254495e54c29eed84b7,reviewer-1,R033,C2,,,,,,
4e0cc330097015365c83c168a0cd8f763ca01b7f36af1254495e54c29eed84b7,reviewer-1,R033,C3,,,,,,
4e0cc330097015365c83c168a0cd8f763ca01b7f36af1254495e54c29eed84b7,reviewer-1,R033,C4,,,,,,
4e0cc330097015365c83c168a0cd8f763ca01b7f36af1254495e54c29eed84b7,reviewer-1,R033,C5,,,,,,
4e0cc330097015365c83c168a0cd8f763ca01b7f36af1254495e54c29eed84b7,reviewer-1,R033,C6,,,,,,
4e0cc330097015365c83c168a0cd8f763ca01b7f36af1254495e54c29eed84b7,reviewer-1,R033,C7,,,,,,
4e0cc330097015365c83c168a0cd8f763ca01b7f36af1254495e54c29eed84b7,reviewer-1,R033,C8,,,,,,
4e0cc330097015365c83c168a0cd8f763ca01b7f36af1254495e54c29eed84b7,reviewer-1,R034,C1,,,,,,
4e0cc330097015365c83c168a0cd8f763ca01b7f36af1254495e54c29eed84b7,reviewer-1,R034,C2,,,,,,
4e0cc330097015365c83c168a0cd8f763ca01b7f36af1254495e54c29eed84b7,reviewer-1,R034,C3,,,,,,
4e0cc330097015365c83c168a0cd8f763ca01b7f36af1254495e54c29eed84b7,reviewer-1,R034,C4,,,,,,
4e0cc330097015365c83c168a0cd8f763ca01b7f36af1254495e54c29eed84b7,reviewer-1,R034,C5,,,,,,
4e0cc330097015365c83c168a0cd8f763ca01b7f36af1254495e54c29eed84b7,reviewer-1,R034,C6,,,,,,
4e0cc330097015365c83c168a0cd8f763ca01b7f36af1254495e54c29eed84b7,reviewer-1,R034,C7,,,,,,
4e0cc330097015365c83c168a0cd8f763ca01b7f36af1254495e54c29eed84b7,reviewer-1,R034,C8,,,,,,
4e0cc330097015365c83c168a0cd8f763ca01b7f36af1254495e54c29eed84b7,reviewer-1,R035,C1,,,,,,
4e0cc330097015365c83c168a0cd8f763ca01b7f36af1254495e54c29eed84b7,reviewer-1,R035,C2,,,,,,
4e0cc330097015365c83c168a0cd8f763ca01b7f36af1254495e54c29eed84b7,reviewer-1,R035,C3,,,,,,
4e0cc330097015365c83c168a0cd8f763ca01b7f36af1254495e54c29eed84b7,reviewer-1,R035,C4,,,,,,
4e0cc330097015365c83c168a0cd8f763ca01b7f36af1254495e54c29eed84b7,reviewer-1,R035,C5,,,,,,
4e0cc330097015365c83c168a0cd8f763ca01b7f36af1254495e54c29eed84b7,reviewer-1,R035,C6,,,,,,
4e0cc330097015365c83c168a0cd8f763ca01b7f36af1254495e54c29eed84b7,reviewer-1,R035,C7,,,,,,
4e0cc330097015365c83c168a0cd8f763ca01b7f36af1254495e54c29eed84b7,reviewer-1,R035,C8,,,,,,
4e0cc330097015365c83c168a0cd8f763ca01b7f36af1254495e54c29eed84b7,reviewer-1,R036,C1,,,,,,
4e0cc330097015365c83c168a0cd8f763ca01b7f36af1254495e54c29eed84b7,reviewer-1,R036,C2,,,,,,
4e0cc330097015365c83c168a0cd8f763ca01b7f36af1254495e54c29eed84b7,reviewer-1,R036,C3,,,,,,
4e0cc330097015365c83c168a0cd8f763ca01b7f36af1254495e54c29eed84b7,reviewer-1,R036,C4,,,,,,
4e0cc330097015365c83c168a0cd8f763ca01b7f36af1254495e54c29eed84b7,reviewer-1,R036,C5,,,,,,
4e0cc330097015365c83c168a0cd8f763ca01b7f36af1254495e54c29eed84b7,reviewer-1,R036,C6,,,,,,
4e0cc330097015365c83c168a0cd8f763ca01b7f36af1254495e54c29eed84b7,reviewer-1,R036,C7,,,,,,
4e0cc330097015365c83c168a0cd8f763ca01b7f36af1254495e54c29eed84b7,reviewer-1,R036,C8,,,,,,
4e0cc330097015365c83c168a0cd8f763ca01b7f36af1254495e54c29eed84b7,reviewer-1,R037,C1,,,,,,
4e0cc330097015365c83c168a0cd8f763ca01b7f36af1254495e54c29eed84b7,reviewer-1,R037,C2,,,,,,
4e0cc330097015365c83c168a0cd8f763ca01b7f36af1254495e54c29eed84b7,reviewer-1,R037,C3,,,,,,
4e0cc330097015365c83c168a0cd8f763ca01b7f36af1254495e54c29eed84b7,reviewer-1,R037,C4,,,,,,
4e0cc330097015365c83c168a0cd8f763ca01b7f36af1254495e54c29eed84b7,reviewer-1,R037,C5,,,,,,
4e0cc330097015365c83c168a0cd8f763ca01b7f36af1254495e54c29eed84b7,reviewer-1,R037,C6,,,,,,
4e0cc330097015365c83c168a0cd8f763ca01b7f36af1254495e54c29eed84b7,reviewer-1,R037,C7,,,,,,
4e0cc330097015365c83c168a0cd8f763ca01b7f36af1254495e54c29eed84b7,reviewer-1,R037,C8,,,,,,
4e0cc330097015365c83c168a0cd8f763ca01b7f36af1254495e54c29eed84b7,reviewer-1,R038,C1,,,,,,
4e0cc330097015365c83c168a0cd8f763ca01b7f36af1254495e54c29eed84b7,reviewer-1,R038,C2,,,,,,
4e0cc330097015365c83c168a0cd8f763ca01b7f36af1254495e54c29eed84b7,reviewer-1,R038,C3,,,,,,
4e0cc330097015365c83c168a0cd8f763ca01b7f36af1254495e54c29eed84b7,reviewer-1,R038,C4,,,,,,
4e0cc330097015365c83c168a0cd8f763ca01b7f36af1254495e54c29eed84b7,reviewer-1,R038,C5,,,,,,
4e0cc330097015365c83c168a0cd8f763ca01b7f36af1254495e54c29eed84b7,reviewer-1,R038,C6,,,,,,
4e0cc330097015365c83c168a0cd8f763ca01b7f36af1254495e54c29eed84b7,reviewer-1,R038,C7,,,,,,
4e0cc330097015365c83c168a0cd8f763ca01b7f36af1254495e54c29eed84b7,reviewer-1,R038,C8,,,,,,
4e0cc330097015365c83c168a0cd8f763ca01b7f36af1254495e54c29eed84b7,reviewer-1,R039,C1,,,,,,
4e0cc330097015365c83c168a0cd8f763ca01b7f36af1254495e54c29eed84b7,reviewer-1,R039,C2,,,,,,
4e0cc330097015365c83c168a0cd8f763ca01b7f36af1254495e54c29eed84b7,reviewer-1,R039,C3,,,,,,
4e0cc330097015365c83c168a0cd8f763ca01b7f36af1254495e54c29eed84b7,reviewer-1,R039,C4,,,,,,
4e0cc330097015365c83c168a0cd8f763ca01b7f36af1254495e54c29eed84b7,reviewer-1,R039,C5,,,,,,
4e0cc330097015365c83c168a0cd8f763ca01b7f36af1254495e54c29eed84b7,reviewer-1,R039,C6,,,,,,
4e0cc330097015365c83c168a0cd8f763ca01b7f36af1254495e54c29eed84b7,reviewer-1,R039,C7,,,,,,
4e0cc330097015365c83c168a0cd8f763ca01b7f36af1254495e54c29eed84b7,reviewer-1,R039,C8,,,,,,
4e0cc330097015365c83c168a0cd8f763ca01b7f36af1254495e54c29eed84b7,reviewer-1,R040,C1,,,,,,
4e0cc330097015365c83c168a0cd8f763ca01b7f36af1254495e54c29eed84b7,reviewer-1,R040,C2,,,,,,
4e0cc330097015365c83c168a0cd8f763ca01b7f36af1254495e54c29eed84b7,reviewer-1,R040,C3,,,,,,
4e0cc330097015365c83c168a0cd8f763ca01b7f36af1254495e54c29eed84b7,reviewer-1,R040,C4,,,,,,
4e0cc330097015365c83c168a0cd8f763ca01b7f36af1254495e54c29eed84b7,reviewer-1,R040,C5,,,,,,
4e0cc330097015365c83c168a0cd8f763ca01b7f36af1254495e54c29eed84b7,reviewer-1,R040,C6,,,,,,
4e0cc330097015365c83c168a0cd8f763ca01b7f36af1254495e54c29eed84b7,reviewer-1,R040,C7,,,,,,
4e0cc330097015365c83c168a0cd8f763ca01b7f36af1254495e54c29eed84b7,reviewer-1,R040,C8,,,,,,
4e0cc330097015365c83c168a0cd8f763ca01b7f36af1254495e54c29eed84b7,reviewer-1,R041,C1,,,,,,
4e0cc330097015365c83c168a0cd8f763ca01b7f36af1254495e54c29eed84b7,reviewer-1,R041,C2,,,,,,
4e0cc330097015365c83c168a0cd8f763ca01b7f36af1254495e54c29eed84b7,reviewer-1,R041,C3,,,,,,
4e0cc330097015365c83c168a0cd8f763ca01b7f36af1254495e54c29eed84b7,reviewer-1,R041,C4,,,,,,
4e0cc330097015365c83c168a0cd8f763ca01b7f36af1254495e54c29eed84b7,reviewer-1,R041,C5,,,,,,
4e0cc330097015365c83c168a0cd8f763ca01b7f36af1254495e54c29eed84b7,reviewer-1,R041,C6,,,,,,
4e0cc330097015365c83c168a0cd8f763ca01b7f36af1254495e54c29eed84b7,reviewer-1,R041,C7,,,,,,
4e0cc330097015365c83c168a0cd8f763ca01b7f36af1254495e54c29eed84b7,reviewer-1,R041,C8,,,,,,
4e0cc330097015365c83c168a0cd8f763ca01b7f36af1254495e54c29eed84b7,reviewer-1,R042,C1,,,,,,
4e0cc330097015365c83c168a0cd8f763ca01b7f36af1254495e54c29eed84b7,reviewer-1,R042,C2,,,,,,
4e0cc330097015365c83c168a0cd8f763ca01b7f36af1254495e54c29eed84b7,reviewer-1,R042,C3,,,,,,
4e0cc330097015365c83c168a0cd8f763ca01b7f36af1254495e54c29eed84b7,reviewer-1,R042,C4,,,,,,
4e0cc330097015365c83c168a0cd8f763ca01b7f36af1254495e54c29eed84b7,reviewer-1,R042,C5,,,,,,
4e0cc330097015365c83c168a0cd8f763ca01b7f36af1254495e54c29eed84b7,reviewer-1,R042,C6,,,,,,
4e0cc330097015365c83c168a0cd8f763ca01b7f36af1254495e54c29eed84b7,reviewer-1,R042,C7,,,,,,
4e0cc330097015365c83c168a0cd8f763ca01b7f36af1254495e54c29eed84b7,reviewer-1,R042,C8,,,,,,
4e0cc330097015365c83c168a0cd8f763ca01b7f36af1254495e54c29eed84b7,reviewer-1,R043,C1,,,,,,
4e0cc330097015365c83c168a0cd8f763ca01b7f36af1254495e54c29eed84b7,reviewer-1,R043,C2,,,,,,
4e0cc330097015365c83c168a0cd8f763ca01b7f36af1254495e54c29eed84b7,reviewer-1,R043,C3,,,,,,
4e0cc330097015365c83c168a0cd8f763ca01b7f36af1254495e54c29eed84b7,reviewer-1,R043,C4,,,,,,
4e0cc330097015365c83c168a0cd8f763ca01b7f36af1254495e54c29eed84b7,reviewer-1,R043,C5,,,,,,
4e0cc330097015365c83c168a0cd8f763ca01b7f36af1254495e54c29eed84b7,reviewer-1,R043,C6,,,,,,
4e0cc330097015365c83c168a0cd8f763ca01b7f36af1254495e54c29eed84b7,reviewer-1,R043,C7,,,,,,
4e0cc330097015365c83c168a0cd8f763ca01b7f36af1254495e54c29eed84b7,reviewer-1,R043,C8,,,,,,
4e0cc330097015365c83c168a0cd8f763ca01b7f36af1254495e54c29eed84b7,reviewer-1,R044,C1,,,,,,
4e0cc330097015365c83c168a0cd8f763ca01b7f36af1254495e54c29eed84b7,reviewer-1,R044,C2,,,,,,
4e0cc330097015365c83c168a0cd8f763ca01b7f36af1254495e54c29eed84b7,reviewer-1,R044,C3,,,,,,
4e0cc330097015365c83c168a0cd8f763ca01b7f36af1254495e54c29eed84b7,reviewer-1,R044,C4,,,,,,
4e0cc330097015365c83c168a0cd8f763ca01b7f36af1254495e54c29eed84b7,reviewer-1,R044,C5,,,,,,
4e0cc330097015365c83c168a0cd8f763ca01b7f36af1254495e54c29eed84b7,reviewer-1,R044,C6,,,,,,
4e0cc330097015365c83c168a0cd8f763ca01b7f36af1254495e54c29eed84b7,reviewer-1,R044,C7,,,,,,
4e0cc330097015365c83c168a0cd8f763ca01b7f36af1254495e54c29eed84b7,reviewer-1,R044,C8,,,,,,
4e0cc330097015365c83c168a0cd8f763ca01b7f36af1254495e54c29eed84b7,reviewer-1,R045,C1,,,,,,
4e0cc330097015365c83c168a0cd8f763ca01b7f36af1254495e54c29eed84b7,reviewer-1,R045,C2,,,,,,
4e0cc330097015365c83c168a0cd8f763ca01b7f36af1254495e54c29eed84b7,reviewer-1,R045,C3,,,,,,
4e0cc330097015365c83c168a0cd8f763ca01b7f36af1254495e54c29eed84b7,reviewer-1,R045,C4,,,,,,
4e0cc330097015365c83c168a0cd8f763ca01b7f36af1254495e54c29eed84b7,reviewer-1,R045,C5,,,,,,
4e0cc330097015365c83c168a0cd8f763ca01b7f36af1254495e54c29eed84b7,reviewer-1,R045,C6,,,,,,
4e0cc330097015365c83c168a0cd8f763ca01b7f36af1254495e54c29eed84b7,reviewer-1,R045,C7,,,,,,
4e0cc330097015365c83c168a0cd8f763ca01b7f36af1254495e54c29eed84b7,reviewer-1,R045,C8,,,,,,
4e0cc330097015365c83c168a0cd8f763ca01b7f36af1254495e54c29eed84b7,reviewer-1,R046,C1,,,,,,
4e0cc330097015365c83c168a0cd8f763ca01b7f36af1254495e54c29eed84b7,reviewer-1,R046,C2,,,,,,
4e0cc330097015365c83c168a0cd8f763ca01b7f36af1254495e54c29eed84b7,reviewer-1,R046,C3,,,,,,
4e0cc330097015365c83c168a0cd8f763ca01b7f36af1254495e54c29eed84b7,reviewer-1,R046,C4,,,,,,
4e0cc330097015365c83c168a0cd8f763ca01b7f36af1254495e54c29eed84b7,reviewer-1,R046,C5,,,,,,
4e0cc330097015365c83c168a0cd8f763ca01b7f36af1254495e54c29eed84b7,reviewer-1,R046,C6,,,,,,
4e0cc330097015365c83c168a0cd8f763ca01b7f36af1254495e54c29eed84b7,reviewer-1,R046,C7,,,,,,
4e0cc330097015365c83c168a0cd8f763ca01b7f36af1254495e54c29eed84b7,reviewer-1,R046,C8,,,,,,
4e0cc330097015365c83c168a0cd8f763ca01b7f36af1254495e54c29eed84b7,reviewer-1,R047,C1,,,,,,
4e0cc330097015365c83c168a0cd8f763ca01b7f36af1254495e54c29eed84b7,reviewer-1,R047,C2,,,,,,
4e0cc330097015365c83c168a0cd8f763ca01b7f36af1254495e54c29eed84b7,reviewer-1,R047,C3,,,,,,
4e0cc330097015365c83c168a0cd8f763ca01b7f36af1254495e54c29eed84b7,reviewer-1,R047,C4,,,,,,
4e0cc330097015365c83c168a0cd8f763ca01b7f36af1254495e54c29eed84b7,reviewer-1,R047,C5,,,,,,
4e0cc330097015365c83c168a0cd8f763ca01b7f36af1254495e54c29eed84b7,reviewer-1,R047,C6,,,,,,
4e0cc330097015365c83c168a0cd8f763ca01b7f36af1254495e54c29eed84b7,reviewer-1,R047,C7,,,,,,
4e0cc330097015365c83c168a0cd8f763ca01b7f36af1254495e54c29eed84b7,reviewer-1,R047,C8,,,,,,
4e0cc330097015365c83c168a0cd8f763ca01b7f36af1254495e54c29eed84b7,reviewer-1,R048,C1,,,,,,
4e0cc330097015365c83c168a0cd8f763ca01b7f36af1254495e54c29eed84b7,reviewer-1,R048,C2,,,,,,
4e0cc330097015365c83c168a0cd8f763ca01b7f36af1254495e54c29eed84b7,reviewer-1,R048,C3,,,,,,
4e0cc330097015365c83c168a0cd8f763ca01b7f36af1254495e54c29eed84b7,reviewer-1,R048,C4,,,,,,
4e0cc330097015365c83c168a0cd8f763ca01b7f36af1254495e54c29eed84b7,reviewer-1,R048,C5,,,,,,
4e0cc330097015365c83c168a0cd8f763ca01b7f36af1254495e54c29eed84b7,reviewer-1,R048,C6,,,,,,
4e0cc330097015365c83c168a0cd8f763ca01b7f36af1254495e54c29eed84b7,reviewer-1,R048,C7,,,,,,
4e0cc330097015365c83c168a0cd8f763ca01b7f36af1254495e54c29eed84b7,reviewer-1,R048,C8,,,,,,
